"gu","code","admin_cd","subdis","20s","30s","40s","50s","60over"
"Jongno",1101053,11110530,"Sajik",2901,4059,5329,5827,4468
"Jongno",1101054,11110540,"Samcheong",2606,3652,4623,4869,3994
"Jongno",1101055,11110550,"Buam",2472,3460,4791,5026,4181
"Jongno",1101056,11110560,"Pyeongchang",2651,3773,5239,5831,4756
"Jongno",1101057,11110570,"Muak",2580,3942,5349,5588,4064
"Jongno",1101058,11110580,"Gyonam",2511,3465,4103,4257,3328
"Jongno",1101060,11110600,"Gahoe",2765,3746,4670,4875,3901
"Jongno",1101061,11110615,"Jongno 1.2.3.4-ga",2587,3648,4719,4758,3635
"Jongno",1101063,11110630,"Jongno 5.6-ga",2503,3409,4066,4248,3309
"Jongno",1101064,11110640,"Ewha",2648,3427,4190,4349,3492
"Jongno",1101067,11110670,"Changshin1",2426,3334,4024,4224,3420
"Jongno",1101068,11110680,"Changshin2",2357,3037,3769,3957,3247
"Jongno",1101069,11110690,"Changshin3",2582,3517,4405,4513,3772
"Jongno",1101070,11110700,"Soongin1",2578,3492,4353,4568,3371
"Jongno",1101071,11110710,"Soongin2",2571,3365,4068,4044,3354
"Jongno",1101072,11110515,"Cheongwoonhyoja",2605,3635,4805,5311,3857
"Jongno",1101073,11110650,"Hyehwa",2706,3521,4588,4901,3659
"Jung",1102052,11140520,"Sogong",2676,4266,6724,6422,4035
"Jung",1102054,11140540,"Hoehyun",2720,3942,5090,5279,4057
"Jung",1102055,11140550,"Myungdong",2640,4000,5443,5389,3926
"Jung",1102057,11140570,"Pildong",2705,3486,4401,4360,3711
"Jung",1102058,11140580,"Jangchoong",2697,3443,4383,4628,3625
"Jung",1102059,11140590,"Gwanghee",2719,4179,4500,4410,3808
"Jung",1102060,11140605,"Euljiro",2375,3389,4217,4218,3525
"Jung",1102065,11140650,"Shindang5",2523,3589,4311,4315,3417
"Jung",1102067,11140670,"Hwanghak",2676,3818,4721,4623,3613
"Jung",1102068,11140680,"Jungrim",2664,3888,4817,4804,3686
"Jung",1102069,11140610,"Shindang",2562,3335,4032,4259,3348
"Jung",1102070,11140620,"Dasan",2556,3411,4105,4366,3393
"Jung",1102071,11140630,"Yaksu",2635,3850,5039,5037,3905
"Jung",1102072,11140640,"Cheonggu",2596,3767,4676,4715,3808
"Jung",1102073,11140660,"Donghwa",2687,3853,4746,4920,3913
"Yongsan",1103051,11170510,"Huam",2768,3727,4449,4772,3589
"Yongsan",1103052,11170520,"Yongsan2-ga",2713,3466,4331,4237,3446
"Yongsan",1103053,11170530,"Namyeong",2821,3664,4568,4576,3725
"Yongsan",1103057,11170570,"Wonhyo-ro2",2798,3980,5093,5459,4224
"Yongsan",1103058,11170580,"Hyochang",2705,3848,4840,4903,3888
"Yongsan",1103059,11170590,"Yongmoon",2745,3947,4989,5189,4031
"Yongsan",1103063,11170630,"Ichon1",3053,4664,6245,6560,4880
"Yongsan",1103064,11170640,"Ichon2",2766,3940,5106,5237,4187
"Yongsan",1103065,11170650,"Itaewon1",2852,3615,4672,5124,4268
"Yongsan",1103066,11170660,"Itaewon2",2866,3641,4625,4832,3725
"Yongsan",1103069,11170690,"Seobinggo",2685,3845,5427,6039,4535
"Yongsan",1103070,11170700,"Bogwang",2693,3411,4250,4472,3590
"Yongsan",1103071,11170555,"Cheongpa",2753,3545,4308,4603,3570
"Yongsan",1103072,11170560,"Wonhyo-ro1",2938,4155,5481,5499,4307
"Yongsan",1103073,11170625,"Hangang-ro",2975,4132,5481,5817,4713
"Yongsan",1103074,11170685,"Hannam",2907,4037,5117,5613,4768
"Seongdong",1104052,11200520,"Wangshipni2",2604,3603,4605,4480,3724
"Seongdong",1104054,11200540,"Majangdong",2556,3550,4524,4515,3695
"Seongdong",1104055,11200550,"Sageun",2771,3556,4487,4851,3530
"Seongdong",1104056,11200560,"Hengdang1",2590,3743,4767,4874,3841
"Seongdong",1104057,11200570,"Hengdang2",2682,4068,5278,5265,4114
"Seongdong",1104058,11200580,"Eungbong",2633,3937,5016,5137,3967
"Seongdong",1104059,11200590,"Gumho1-ga",2533,3739,4889,4894,3966
"Seongdong",1104062,11200620,"Gumbo4-ga",2868,4075,5306,5010,4148
"Seongdong",1104065,11200650,"Sungsoo1-ga1",2617,3742,4658,4839,4053
"Seongdong",1104066,11200660,"Sungsoo1-ga2",2677,3639,4569,4591,3727
"Seongdong",1104067,11200670,"Sungsoo2-ga1",2566,3483,4304,4344,3747
"Seongdong",1104068,11200690,"Sungsoo2-ga3",2654,3616,4544,4751,4133
"Seongdong",1104069,11200720,"Songjeong",2473,3316,4044,4158,3403
"Seongdong",1104070,11200790,"Yongdap",2509,3241,3870,4035,3341
"Seongdong",1104071,11200535,"Wangshipnidoseon",2604,3788,4658,4987,3909
"Seongdong",1104072,11200615,"Gumho2.3-ga",2588,3960,4700,4681,3776
"Seongdong",1104073,11200645,"Oksu",2911,4326,5499,5827,4609
"Gwangjin",1105053,11215710,"Hwayang",2569,3235,4047,4186,3396
"Gwangjin",1105054,11215730,"Gunja",2651,3331,4152,4183,3547
"Gwangjin",1105055,11215740,"Junggok1",2472,3284,3909,4060,3522
"Gwangjin",1105056,11215750,"Junggok2",2483,3292,4064,4033,3434
"Gwangjin",1105057,11215760,"Junggok3",2419,3211,3901,4056,3318
"Gwangjin",1105058,11215770,"Junggok4",2448,3258,4048,4192,3480
"Gwangjin",1105059,11215780,"Neungdong",2718,3489,4240,4318,3809
"Gwangjin",1105060,11215850,"Gui1",2619,3375,4170,4280,3533
"Gwangjin",1105061,11215860,"Gui2",2545,3367,4226,4339,3590
"Gwangjin",1105062,11215870,"Gui3",2720,3789,5079,5493,4506
"Gwangjin",1105063,11215810,"Gwangjang",2688,4087,5674,6148,4700
"Gwangjin",1105064,11215820,"Jayang1",2522,3326,4139,4263,3561
"Gwangjin",1105065,11215830,"Jayang2",2583,3537,4482,4691,3974
"Gwangjin",1105066,11215840,"Jayang3",2661,3838,5121,5341,4555
"Gwangjin",1105067,11215847,"Jayang4",2591,3477,4282,4415,3632
"Dongdaemoon",1106071,11230710,"Hoegyi",2486,3385,4351,4642,3524
"Dongdaemoon",1106072,11230720,"Hwigeyong1",2394,3234,4043,4199,3389
"Dongdaemoon",1106073,11230730,"Hwigeyong2",2472,3369,4446,4480,3677
"Dongdaemoon",1106080,11230705,"Cheongnyangni",2315,3255,4199,4342,3376
"Dongdaemoon",1106081,11230536,"Yongshin",2458,3395,4238,4304,3413
"Dongdaemoon",1106082,11230545,"Jegi",2457,3347,4233,4366,3351
"Dongdaemoon",1106083,11230560,"Jeonnong1",2342,3366,4190,4258,3356
"Dongdaemoon",1106084,11230570,"Jeonnong2",2405,3434,4466,4594,3571
"Dongdaemoon",1106086,11230610,"Dapshipri2",2353,3428,4345,4327,3531
"Dongdaemoon",1106087,11230650,"Jangan1",2421,3377,4338,4261,3653
"Dongdaemoon",1106088,11230660,"Jangan2",2323,3397,4456,4290,3521
"Dongdaemoon",1106089,11230740,"Imoon1",2422,3211,4093,4243,3425
"Dongdaemoon",1106090,11230750,"Imoon2",2393,3427,4553,4598,3675
"Dongdaemoon",1106085,11230600,"Dapshipri1",2361,3574,4393,4514,3565
"Jungnang",1107052,11260520,"Myeonmok2",2268,3126,3845,3901,3227
"Jungnang",1107054,11260540,"Myeonmok4",2201,3216,3983,4019,3221
"Jungnang",1107055,11260550,"Myeonmok5",2317,3175,3750,3846,3123
"Jungnang",1107057,11260570,"Myeonmok7",2323,3196,4067,4268,3551
"Jungnang",1107059,11260580,"Sangbong1",2345,3322,4461,4629,3570
"Jungnang",1107060,11260590,"Sangbong2",2337,3127,3934,3917,3321
"Jungnang",1107061,11260600,"Junghwa1",2396,3284,4016,4080,3381
"Jungnang",1107062,11260610,"Junghwa2",2302,3094,3695,3729,3127
"Jungnang",1107064,11260620,"Mook1",2363,3304,4477,4514,3701
"Jungnang",1107065,11260630,"Mook2",2366,3228,3930,4073,3429
"Jungnang",1107068,11260660,"Mangwoo",2181,3109,3653,3660,3143
"Jungnang",1107069,11260680,"Shinnae1",2355,3405,4305,4453,3673
"Jungnang",1107070,11260690,"Shinnae2",2301,3385,4413,4593,3663
"Jungnang",1107071,11260565,"Myeonmokbon",2311,3099,3783,3791,3182
"Jungnang",1107072,11260575,"Myeonmok3.8",2341,3168,3884,3957,3304
"Jungnang",1107073,11260655,"Mangwoobon",2310,3174,3993,4016,3368
"Seongbuk",1108058,11290580,"Donam1",2413,3557,4707,4802,3761
"Seongbuk",1108059,11290590,"Donam2",2572,3778,5115,5393,4008
"Seongbuk",1108060,11290600,"Anam",2528,3269,4257,4459,3633
"Seongbuk",1108061,11290610,"Bomun",2463,3281,4134,4239,3455
"Seongbuk",1108062,11290620,"Jungneung1",2491,3617,4617,4928,3666
"Seongbuk",1108063,11290630,"Jungneung2",2407,3357,4333,4509,3624
"Seongbuk",1108064,11290640,"Jungneung3",2389,3128,4056,4101,3299
"Seongbuk",1108065,11290650,"Jungneung4",2358,3410,4484,4616,3620
"Seongbuk",1108066,11290660,"Gireum1",2664,3992,5051,5231,3920
"Seongbuk",1108068,11290685,"Gireum2",2301,3403,4398,4526,3438
"Seongbuk",1108071,11290715,"Wolgok1",2486,3539,4544,4507,3640
"Seongbuk",1108072,11290725,"Wolgok2",2416,3425,4404,4494,3668
"Seongbuk",1108076,11290760,"Jangwi1",2334,3097,3824,3874,3159
"Seongbuk",1108077,11290770,"Jangwi2",2364,3152,3862,3925,3315
"Seongbuk",1108078,11290780,"Jangwi3",2337,3193,4087,4253,3334
"Seongbuk",1108081,11290525,"Seongbuk",2451,3492,4525,4810,3966
"Seongbuk",1108082,11290555,"Samsun",2438,3427,4613,4873,3745
"Seongbuk",1108083,11290575,"Dongsun",2459,3317,4393,4426,3375
"Seongbuk",1108084,11290705,"Jongam",2465,3568,4583,4559,3609
"Seongbuk",1108085,11290810,"Seokgwan",2418,3315,4131,4189,3484
"Gangbuk",1109060,11305590,"Beon1",2390,3079,3846,3915,3332
"Gangbuk",1109061,11305600,"Beon2",2265,3087,3836,4004,3313
"Gangbuk",1109062,11305606,"Beon3",2199,3216,4013,4196,3296
"Gangbuk",1109063,11305610,"Suyu1",2289,3105,3778,3781,3125
"Gangbuk",1109064,11305620,"Suyu2",2299,3189,4025,4176,3408
"Gangbuk",1109065,11305630,"Suyu3",2349,3019,3705,3857,3132
"Gangbuk",1109069,11305534,"Samyang",2342,3187,3962,4021,3276
"Gangbuk",1109070,11305535,"Mia",2359,3107,3834,3955,3222
"Gangbuk",1109071,11305545,"Songjung",2376,3102,3934,4035,3291
"Gangbuk",1109072,11305555,"Songchun",2381,3176,3995,3953,3204
"Gangbuk",1109073,11305575,"Samgaksan",2433,3722,4840,4862,3877
"Gangbuk",1109074,11305645,"Ui",2278,3117,3903,4076,3328
"Gangbuk",1109075,11305660,"Insoo",2235,3071,3800,3949,3211
"Dobong",1110051,11320660,"Ssangmun1",2323,3170,3981,4076,3372
"Dobong",1110052,11320670,"Ssangmun2",2297,3087,3924,4093,3391
"Dobong",1110053,11320680,"Ssangmun3",2373,3160,3965,4072,3331
"Dobong",1110054,11320681,"Ssangmun4",2307,3263,4383,4750,3993
"Dobong",1110055,11320690,"Banghak1",2345,3257,4290,4490,3681
"Dobong",1110056,11320700,"Banghak2",2303,2995,3688,3718,3204
"Dobong",1110057,11320710,"Banghak3",2303,3321,4341,4774,3910
"Dobong",1110059,11320511,"Chang1",2329,3327,4415,4625,3621
"Dobong",1110060,11320512,"Chang2",2251,3197,4031,4165,3438
"Dobong",1110061,11320513,"Chang3",2315,3136,3777,4015,3295
"Dobong",1110062,11320514,"Chang4",2391,3476,4669,5135,3904
"Dobong",1110063,11320515,"Chang5",2411,3349,4592,4983,4024
"Dobong",1110064,11320521,"Dobong1",2278,3067,3823,3976,3270
"Dobong",1110065,11320522,"Dobong2",2365,3325,4299,4519,3668
"Nowon",1111051,11350560,"Wolgye1",2433,3392,4307,4469,3590
"Nowon",1111052,11350570,"Wolgye2",2321,3242,4108,4295,3461
"Nowon",1111053,11350580,"Wolgye3",2487,3419,4484,4610,3728
"Nowon",1111056,11350600,"Gongneung2",2326,3442,4592,4832,3737
"Nowon",1111058,11350611,"Hagye1",2366,3263,4746,5121,3881
"Nowon",1111059,11350612,"Hagye2",2315,3405,4718,5048,3873
"Nowon",1111060,11350619,"Junggyebon",2302,3391,4943,5364,3948
"Nowon",1111061,11350621,"Junggye1",2320,3508,5198,5529,4119
"Nowon",1111064,11350624,"Junggye4",2301,3222,4481,4821,3594
"Nowon",1111065,11350630,"Sanggye1",2354,3329,4357,4699,3857
"Nowon",1111066,11350640,"Sanggye2",2332,3273,4408,4784,3761
"Nowon",1111069,11350670,"Sanggye5",2306,3143,3989,4250,3398
"Nowon",1111072,11350700,"Sanggye8",2398,3325,4379,4710,3750
"Nowon",1111073,11350710,"Sanggye9",2306,3296,4330,4648,3749
"Nowon",1111074,11350720,"Sanggye10",2351,3311,4330,4752,3916
"Nowon",1111076,11350665,"Sanggye3.4",2191,3112,4017,4145,3288
"Nowon",1111077,11350695,"Sanggye6.7",2435,3415,4383,4781,3702
"Nowon",1111078,11350625,"Junggye2.3",2257,3301,4287,4570,3413
"Nowon",1111079,NA,"Gongneung1",NA,NA,NA,NA,NA
"Eunpyeong",1112051,11380510,"Nokbun",2424,3231,4078,4232,3333
"Eunpyeong",1112052,11380520,"Bulgwang1",2451,3563,4535,4726,3689
"Eunpyeong",1112055,11380551,"Galhyun1",2347,3129,3957,4192,3302
"Eunpyeong",1112056,11380552,"Galhyun2",2354,3168,3959,4180,3403
"Eunpyeong",1112057,11380560,"Gusan",2283,3172,4147,4236,3487
"Eunpyeong",1112058,11380570,"Daejo",2391,3189,3910,3986,3266
"Eunpyeong",1112059,11380580,"Eungam1",2371,3248,4065,4154,3291
"Eunpyeong",1112060,11380590,"Eungam2",2378,3581,4462,4395,3475
"Eunpyeong",1112065,11380631,"Shinsa1",2265,3240,4066,4229,3466
"Eunpyeong",1112066,11380632,"Shinsa2",2249,3240,4105,4294,3431
"Eunpyeong",1112067,11380640,"Jeungsan",2310,3291,4296,4389,3530
"Eunpyeong",1112068,11380650,"Susaek",2325,3409,4277,4457,3426
"Eunpyeong",1112071,11380690,"Jingwan",2472,3723,4894,5259,4213
"Eunpyeong",1112072,11380530,"Bulgwang2",2389,3234,3987,4117,3338
"Eunpyeong",1112073,11380600,"Eungam3",2324,3162,3817,3980,3219
"Eunpyeong",1112074,11380625,"Yeokchon",2321,3162,3983,4041,3332
"Seodaemoon",1113052,11410520,"Cheonyeon",2521,3887,4969,5054,3746
"Seodaemoon",1113062,11410620,"Hongjae1",2347,3459,4393,4620,3533
"Seodaemoon",1113064,11410640,"Hongjae3",2305,3318,4210,4480,3271
"Seodaemoon",1113065,11410655,"Hongjae2",2453,3669,4881,4899,3741
"Seodaemoon",1113066,11410660,"Hongeun1",2331,3349,4241,4518,3485
"Seodaemoon",1113068,11410685,"Hongeun2",2374,3267,4207,4453,3513
"Seodaemoon",1113069,11410690,"Namgaja1",2485,4010,5051,5215,3814
"Seodaemoon",1113070,11410700,"Namgaja2",2371,3307,4298,4487,3407
"Seodaemoon",1113071,11410710,"Bukgaja1",2296,3628,4759,4950,3606
"Seodaemoon",1113072,11410720,"Bukgaja2",2270,3229,4087,4147,3300
"Seodaemoon",1113073,11410565,"Chunghyun",2570,3550,4468,4469,3512
"Seodaemoon",1113074,11410555,"Bukahyun",2404,3428,4231,4309,3210
"Seodaemoon",1113075,11410585,"Shinchon",2652,3445,4542,4720,3710
"Seodaemoon",1113076,11410615,"Yeonhee",2603,3429,4446,4730,3775
"Mapo",1114059,11440590,"Yonggang",2582,4094,5270,5396,4034
"Mapo",1114060,11440600,"Daeheung",2541,3441,4319,4477,3412
"Mapo",1114061,11440610,"Yeomni",2371,3361,4322,4364,3334
"Mapo",1114063,11440630,"Sinsoo",2590,3723,4865,5001,3993
"Mapo",1114066,11440660,"Seogyo",2509,3391,4402,4826,3762
"Mapo",1114068,11440680,"Hapjeong",2477,3419,4348,4376,3617
"Mapo",1114069,11440690,"Mangwon1",2449,3338,4015,4142,3419
"Mapo",1114070,11440700,"Mangwon2",2407,3412,4327,4363,3360
"Mapo",1114071,11440710,"Yeonnam",2525,3344,4294,4433,3494
"Mapo",1114072,11440720,"Seongsan1",2367,3292,4213,4293,3339
"Mapo",1114073,11440730,"Seongsan2",2387,3543,4684,4944,3740
"Mapo",1114074,11440740,"Sangam",2453,3773,5006,5193,4002
"Mapo",1114075,11440585,"Dohwa",2585,3874,4932,5276,4130
"Mapo",1114076,11440655,"Seogang",2576,3771,5109,5410,4192
"Mapo",1114077,11440565,"Gongdeok",2530,3788,4664,4765,3779
"Mapo",1114078,11440555,"Ahyun",2652,4174,5290,5367,4071
"Yangchun",1115051,11470510,"Mok1",2641,4018,5702,6143,5006
"Yangchun",1115052,11470520,"Mok2",2547,3474,4606,4889,4002
"Yangchun",1115053,11470530,"Mok3",2513,3495,4396,4716,3833
"Yangchun",1115054,11470540,"Mok4",2432,3443,4735,5026,3790
"Yangchun",1115057,11470560,"Shinwol1",2374,3151,3830,3960,3340
"Yangchun",1115058,11470570,"Shinwol2",2441,3342,4250,4280,3624
"Yangchun",1115059,11470580,"Shinwol3",2425,3068,3849,3974,3358
"Yangchun",1115060,11470590,"Shinwol4",2463,3408,4252,4221,3544
"Yangchun",1115061,11470600,"Shinwol5",2464,3341,4225,4295,3623
"Yangchun",1115062,11470610,"Shinwol6",2425,3265,4233,4273,3457
"Yangchun",1115063,11470611,"Shinwol7",2370,3215,3989,4080,3339
"Yangchun",1115064,11470620,"Shinjeong1",2539,3721,5419,5944,4601
"Yangchun",1115065,11470630,"Shinjeong2",2632,3806,5340,5626,4199
"Yangchun",1115066,11470640,"Shinjeong3",2436,3476,4526,4659,3806
"Yangchun",1115069,11470670,"Shinjeong6",2696,3963,5642,6265,5142
"Yangchun",1115070,11470680,"Shinjeong7",2502,3626,5004,5280,4041
"Yangchun",1115071,11470550,"Mok5",2730,4055,5937,6386,5236
"Yangchun",1115072,11470650,"Shinjeong4",2487,3376,4104,4257,3505
"Gangseo",1116051,11500510,"Yeomchang",2449,3811,5064,5238,3988
"Gangseo",1116052,11500520,"Deungchon1",2561,3562,4602,4741,3847
"Gangseo",1116053,11500530,"Deungchon2",2468,3436,4508,4818,4140
"Gangseo",1116054,11500535,"Deungchon3",2327,3484,4675,4624,3606
"Gangseo",1116055,11500590,"Hwagokbon",2359,3100,3861,3904,3281
"Gangseo",1116057,11500550,"Hwagok2",2351,3127,3861,3919,3216
"Gangseo",1116058,11500560,"Hwagok3",2350,3346,4439,4691,4120
"Gangseo",1116059,11500570,"Hwagok4",2301,3102,3859,3880,3335
"Gangseo",1116061,11500591,"Hwagok6",2439,3364,4349,4608,3899
"Gangseo",1116063,11500593,"Hwagok8",2317,3176,3915,3949,3316
"Gangseo",1116064,11500603,"Gayang1",2427,3646,4757,5184,4193
"Gangseo",1116065,11500604,"Gayang2",2328,3384,4349,4285,3736
"Gangseo",1116066,11500605,"Gayang3",2479,3555,4209,4166,3317
"Gangseo",1116067,11500611,"Balsan1",2340,3563,4446,4445,3626
"Gangseo",1116069,11500620,"Gonghang",2515,3256,3905,4077,3495
"Gangseo",1116070,11500630,"Banghwa1",2449,3485,4475,4565,3670
"Gangseo",1116071,11500640,"Banghwa2",2468,3294,4123,4207,3482
"Gangseo",1116072,11500641,"Banghwa3",2446,3423,4489,4548,3787
"Gangseo",1116073,11500540,"Hwagok1",2421,3164,3844,3948,3374
"Gangseo",1116074,11500615,"Woojangsan",2395,3635,4965,5069,4139
"Guro",1117051,11530510,"Shindorim",2512,3843,4996,5200,4308
"Guro",1117052,11530520,"Guro1",2495,3533,4570,4807,3974
"Guro",1117054,11530540,"Guro2",2379,3336,4273,4279,3525
"Guro",1117055,11530550,"Guro3",2345,3293,3936,3919,3197
"Guro",1117056,11530560,"Guro4",2399,3498,4349,4599,3728
"Guro",1117061,11530720,"Gocheok1",2323,3355,4333,4443,3659
"Guro",1117062,11530730,"Gocheok2",2266,3283,4113,4254,3416
"Guro",1117064,11530750,"Gaebong2",2380,3374,4282,4407,3654
"Guro",1117065,11530760,"Gaebong3",2212,3194,3992,4063,3356
"Guro",1117067,11530770,"Oryu1",2291,3189,4027,4191,3483
"Guro",1117068,11530780,"Oryu2",2315,3367,4193,4314,3550
"Guro",1117069,11530790,"Sugung",2214,3251,4004,4152,3421
"Guro",1117070,11530595,"Garibong",2249,2960,3481,3501,3020
"Guro",1117071,11530530,"Guro2",2281,3090,3743,3770,3164
"Guro",1117072,11530740,"Gaebong1",2288,3287,4101,4159,3437
"Gumcheon",1118051,11545510,"Gasan1",2362,3244,4024,4071,3412
"Gumcheon",1118052,11545610,"Doksan1",2350,3250,4123,4254,3432
"Gumcheon",1118053,11545620,"Doksan2",2261,3065,3628,3706,3219
"Gumcheon",1118054,11545630,"Doksan3",2323,3111,3686,3765,3284
"Gumcheon",1118055,11545640,"Doksan4",2281,3030,3635,3715,3238
"Gumcheon",1118057,11545670,"Shiheung1",2320,3265,3992,4074,3438
"Gumcheon",1118058,11545680,"Shiheung2",2275,3363,4416,4607,3812
"Gumcheon",1118059,11545690,"Shiheung3",2229,3186,3892,4109,3319
"Gumcheon",1118060,11545700,"Shiheung4",2258,3121,3833,3917,3313
"Gumcheon",1118061,11545710,"Shiheung5",2260,3117,3823,3869,3253
"Yeongdeungpo",1119054,11560540,"Yeoeui",2783,4295,5916,6458,4943
"Yeongdeungpo",1119055,11560550,"Dangsan1",2736,3796,4726,4817,3864
"Yeongdeungpo",1119056,11560560,"Dangsan2",2823,3954,5145,5468,4396
"Yeongdeungpo",1119061,11560610,"Yangpyeong1",2555,3747,4686,4624,3624
"Yeongdeungpo",1119062,11560620,"Yangpyeong2",2644,3846,4881,5076,4088
"Yeongdeungpo",1119063,11560630,"Shingil1",2559,3394,4101,4235,3285
"Yeongdeungpo",1119065,11560650,"Shingil3",2400,3295,4008,4187,3428
"Yeongdeungpo",1119066,11560660,"Shingil4",2442,3280,4281,4297,3395
"Yeongdeungpo",1119067,11560670,"Shingil5",2366,3251,3943,4069,3359
"Yeongdeungpo",1119068,11560680,"Shingil6",2535,3475,4393,4532,3661
"Yeongdeungpo",1119069,11560690,"Shingil7",2538,3558,4713,5085,3794
"Yeongdeungpo",1119070,11560700,"Daerim1",2483,3230,3892,3933,3297
"Yeongdeungpo",1119071,11560710,"Daerim2",2452,3218,3937,3956,3299
"Yeongdeungpo",1119072,11560720,"Daerim3",2503,3431,4124,4341,3664
"Yeongdeungpo",1119073,11560515,"Yeongdeungpobon",2534,3624,4643,4579,3723
"Yeongdeungpo",1119074,11560535,"Yeongdeungpo",2745,3628,4584,4574,3608
"Yeongdeungpo",1119075,11560585,"Dorim",2580,3509,4271,4221,3455
"Yeongdeungpo",1119076,11560605,"Mullae",2624,3877,5037,5279,4183
"Dongjak",1120052,11590520,"Noryangjin2",2508,3293,4065,4172,3412
"Dongjak",1120053,11590530,"Sangdo1",2756,3774,5036,5314,4104
"Dongjak",1120054,11590540,"Sangdo2",2649,3652,4866,4954,4065
"Dongjak",1120055,11590550,"Sangdo3",2584,3372,4141,4327,3479
"Dongjak",1120056,11590560,"Sangdo4",2536,3326,4092,4323,3455
"Dongjak",1120063,11590620,"Sadang1",2690,3447,4280,4416,3592
"Dongjak",1120065,11590640,"Sadang3",2648,3748,4878,5251,4301
"Dongjak",1120066,11590650,"Sadang4",2662,3506,4384,4460,3652
"Dongjak",1120067,11590651,"Sadang5",2570,3570,4486,4787,3740
"Dongjak",1120068,11590660,"Daebang",2620,3653,4883,5222,3847
"Dongjak",1120069,11590670,"Shindaebang1",2607,3583,4823,5058,4060
"Dongjak",1120070,11590680,"Shindaebang2",2640,3581,4796,5016,4068
"Dongjak",1120071,11590605,"Heukseok",2714,3877,4966,5217,4115
"Dongjak",1120072,11590510,"Noryangjin1",2655,3755,4954,5097,4016
"Dongjak",1120073,11590630,"Sadang2",2719,3862,4891,5198,4163
"Gwanak",1121052,11620525,"Boramae",2470,3227,4050,4228,3415
"Gwanak",1121054,11620545,"Cheongnim",2492,3724,4755,4934,3871
"Gwanak",1121057,11620575,"Haengun",2575,3362,4274,4460,3674
"Gwanak",1121058,11620585,"Nakseongdae",2623,3396,4404,4543,3640
"Gwanak",1121061,11620615,"Jungang",2538,3270,4041,4097,3239
"Gwanak",1121062,11620625,"Inheon",2568,3371,4192,4293,3394
"Gwanak",1121063,11620630,"Namheon",2670,3532,4492,4683,3790
"Gwanak",1121064,11620645,"Seowon",2383,3182,3967,4099,3331
"Gwanak",1121065,11620655,"Shinwon",2403,3123,3914,3915,3270
"Gwanak",1121066,11620665,"Seowon",2350,3197,4030,4290,3568
"Gwanak",1121068,11620685,"Shinsa",2398,3125,3796,3897,3271
"Gwanak",1121069,11620695,"Shillim",2315,3115,3927,4072,3386
"Gwanak",1121071,11620715,"Nanhyang",2380,3552,4517,4633,3698
"Gwanak",1121072,11620725,"Jowon",2395,3180,3965,4038,3348
"Gwanak",1121073,11620735,"Daehak",2316,3120,4157,4649,3622
"Gwanak",1121078,11620605,"Euncheon",2473,3465,4494,4422,3662
"Gwanak",1121079,11620565,"Sunghyeon",2441,3576,4707,4804,3663
"Gwanak",1121080,11620595,"Cheongryong",2508,3319,4150,4170,3330
"Gwanak",1121081,11620775,"Nangok",2321,3148,3792,3883,3255
"Gwanak",1121082,11620745,"Samseong",2317,3211,4067,4363,3530
"Gwanak",1121083,11620765,"Miseong",2367,3277,4106,4194,3585
"Seocho",1122051,11650510,"Seocho1",2973,4155,5697,6231,5143
"Seocho",1122052,11650520,"Seocho2",3027,4345,5878,6307,5037
"Seocho",1122053,11650530,"Seocho3",2847,4002,5557,6233,5201
"Seocho",1122054,11650531,"Seocho4",2995,4514,6610,7008,5469
"Seocho",1122055,11650540,"Jamwon",2955,4264,6085,6497,4948
"Seocho",1122056,11650550,"Banpobon",2810,4443,6060,6805,4862
"Seocho",1122057,11650560,"Banpo1",2889,4104,6044,6312,5013
"Seocho",1122058,11650570,"Banpo2",3127,4646,6502,6825,5190
"Seocho",1122059,11650580,"Banpo3",3048,4501,6233,6534,5062
"Seocho",1122060,11650581,"Banpo4",2943,4309,5989,6381,5235
"Seocho",1122061,11650590,"Bangbaebon",2854,4062,5725,6249,5114
"Seocho",1122062,11650600,"Bangbae1",2888,3951,5257,5695,4746
"Seocho",1122063,11650610,"Bangbae2",2933,3901,4957,5325,4436
"Seocho",1122064,11650620,"Bangbae3",2911,4062,5547,6068,5057
"Seocho",1122065,11650621,"Bangbae4",3017,4043,5510,5997,4791
"Seocho",1122066,11650651,"Yangjae1",2944,4056,5149,5497,4571
"Seocho",1122067,11650652,"Yangjae2",2929,3806,4719,4908,4109
"Seocho",1122068,11650660,"Naegok",2821,3946,5061,5685,4485
"Gangnam",1123051,11680510,"Shinsa",2970,3984,5750,6199,4917
"Gangnam",1123052,11680521,"Nonhyeon1",2759,3636,4750,5076,4547
"Gangnam",1123053,11680531,"Nonhyeon2",2893,3909,5250,5812,4892
"Gangnam",1123058,11680580,"Samseong1",2929,4228,5886,6711,5324
"Gangnam",1123059,11680590,"Samseong2",2929,4117,5802,6321,4781
"Gangnam",1123060,11680600,"Daechi1",3045,4701,6989,7370,5604
"Gangnam",1123063,11680630,"Daechi4",2784,3738,5177,5717,4428
"Gangnam",1123064,11680640,"Yeoksam1",2878,3776,4862,5216,4468
"Gangnam",1123065,11680650,"Yeoksam2",2943,4119,5889,6356,4762
"Gangnam",1123066,11680655,"Dogok1",3023,4350,6025,6608,5294
"Gangnam",1123067,11680656,"Dogok2",3073,4538,6555,7148,5794
"Gangnam",1123068,11680660,"Gaepo1",2750,3866,5303,5737,4801
"Gangnam",1123071,11680690,"Gaepo4",2876,3727,4847,5203,4493
"Gangnam",1123072,11680720,"Ilwonbon",3040,4354,5865,6483,5284
"Gangnam",1123073,11680730,"Ilwon1",2902,3687,4669,4901,4095
"Gangnam",1123074,11680740,"Ilwon2",2944,4067,5396,5914,4555
"Gangnam",1123075,11680750,"Suseo",2798,3826,4865,5105,4227
"Gangnam",1123076,11680700,"Segok",2517,3756,4736,5163,4061
"Gangnam",1123077,11680545,"Apgujeong1",2915,4461,6297,6869,5282
"Gangnam",1123078,11680565,"Cheongdam",2966,4214,5897,6526,5356
"Gangnam",1123079,11680610,"Daechi2",2926,4153,6235,6800,5404
"Gangnam",1123080,11680670,"Gaepo2",2762,3818,5287,5823,4684
"Songpa",1124051,11710510,"Pungnap1",2587,3446,4467,4409,3647
"Songpa",1124052,11710520,"Pungnap2",2880,3935,4998,5239,4263
"Songpa",1124053,11710531,"Geoyeo1",2610,3557,4504,4715,3991
"Songpa",1124054,11710532,"Geoyeo2",2564,3530,4539,4623,3919
"Songpa",1124055,11710540,"Macheon1",2529,3342,4127,4289,3548
"Songpa",1124056,11710550,"Macheon2",2559,3385,4148,4324,3641
"Songpa",1124057,11710561,"Bangi1",2580,3695,4984,5472,4521
"Songpa",1124058,11710562,"Bangi2",2692,3554,4428,4569,3846
"Songpa",1124059,11710566,"Oryun",2745,4117,6204,6811,5517
"Songpa",1124060,11710570,"Ogeum",2655,3670,4829,5225,4538
"Songpa",1124061,11710580,"Songpa1",2716,3590,4555,4879,4091
"Songpa",1124062,11710590,"Songpa2",2696,4001,5315,5859,4754
"Songpa",1124063,11710600,"Seokchon",2673,3520,4397,4580,3856
"Songpa",1124064,11710610,"Samjeon",2649,3481,4343,4473,3777
"Songpa",1124065,11710620,"Garakbon",2707,3798,4910,5308,4574
"Songpa",1124066,11710631,"Garak1",2599,3471,4521,4718,3969
"Songpa",1124067,11710632,"Garak2",2675,3800,5209,5550,4609
"Songpa",1124068,11710641,"Munjeong1",2725,3660,4965,5411,4721
"Songpa",1124069,11710642,"Munjeong2",2842,4008,5385,6181,5123
"Songpa",1124081,11710646,"Jangji",2637,3849,4754,4893,4030
"Songpa",1124071,11710650,"Jamshilbon",2713,3549,4587,4872,4104
"Songpa",1124075,11710690,"Jamshil4",2971,4449,6017,6286,5161
"Songpa",1124077,11710710,"Jamshil6",2843,4238,5911,6511,5180
"Songpa",1124078,11710720,"Jamshil7",2913,4254,6263,6724,5327
"Songpa",1124079,11710670,"Jamshil2",3107,4698,6286,6656,5056
"Songpa",1124080,11710680,"Jamshil3",3115,4429,6069,6449,5198
"Gangdong",1125051,11740515,"Gangil",2510,3698,4533,4667,3837
"Gangdong",1125052,11740520,"Sangil",2460,3440,4608,5066,4087
"Gangdong",1125053,11740530,"Myeongil1",2544,3636,4928,5186,4255
"Gangdong",1125054,11740540,"Myeongil2",2599,3686,5449,5789,4903
"Gangdong",1125055,11740550,"Godeok1",2502,3626,5033,5222,4333
"Gangdong",1125056,11740560,"Godeok2",2503,3273,4115,4272,3598
"Gangdong",1125058,11740580,"Amsa2",2624,3822,4950,5077,4103
"Gangdong",1125059,11740590,"Amsa3",2718,3934,5310,5543,4500
"Gangdong",1125061,11740600,"Cheonho1",2546,3269,4162,4212,3512
"Gangdong",1125063,11740620,"Cheonho3",2547,3410,4192,4292,3756
"Gangdong",1125065,11740640,"Seongnae1",2602,3627,4630,4840,4025
"Gangdong",1125066,11740650,"Seongnae2",2610,3411,4234,4255,3561
"Gangdong",1125067,11740660,"Seongnae3",2589,3449,4370,4524,3759
"Gangdong",1125070,11740690,"Dunchon1",2644,3674,5135,5571,4829
"Gangdong",1125071,11740700,"Dunchon2",2613,3616,4692,5003,4129
"Gangdong",1125072,11740570,"Amsa1",2511,3426,4312,4489,3677
"Gangdong",1125073,11740610,"Cheonho2",2531,3383,4201,4284,3584
"Gangdong",1125074,11740685,"Gildong",2595,3465,4428,4620,3915
